seed,iteration,mean_return,std_return,mean_reward,std_reward,policy_loss,gradient_norm,parameter_delta,learning_rate,entropy,lambda_RL,alpha_Q,alpha_R,alpha_P,alpha_I,alpha_D,H10_fraction,H20_fraction,H30_fraction
43,1,-31.8502,0.3228,-0.5308,0.0199,0.083322,0.004702,0.02536669,0.0010,0.0,0.4973,2.6984,2.8964,1.1699,1.3559,1.2470,0.3677,0.3333,0.2990
43,2,-31.8639,0.4113,-0.5311,0.0193,0.015244,0.003878,0.01833872,0.0010,0.0,0.5009,2.6841,2.8374,1.1521,1.3533,1.2405,0.3240,0.3208,0.3552
43,3,-31.7894,0.2925,-0.5298,0.0184,-0.144012,0.006361,0.01557078,0.0010,0.0,0.5213,2.5978,2.7719,1.1392,1.3466,1.2346,0.3302,0.3083,0.3615
43,4,-31.8963,0.2530,-0.5316,0.0197,0.072775,0.005191,0.01413869,0.0010,0.0,0.5316,2.5080,2.7412,1.1403,1.3419,1.2330,0.3688,0.2844,0.3469
43,5,-31.8045,0.3082,-0.5301,0.0184,0.127252,0.003147,0.01237127,0.0010,0.0,0.5360,2.4433,2.7221,1.1436,1.3353,1.2253,0.3781,0.2917,0.3302
43,6,-31.7785,0.3086,-0.5296,0.0194,-0.046270,0.006071,0.01168065,0.0010,0.0,0.5332,2.3955,2.6984,1.1380,1.3336,1.2393,0.3958,0.2542,0.3500
43,7,-31.8670,0.3296,-0.5311,0.0201,0.051530,0.008709,0.01198205,0.0010,0.0,0.5320,2.3908,2.6927,1.1386,1.3346,1.2455,0.4240,0.2781,0.2979
43,8,-31.7631,0.3666,-0.5294,0.0210,-0.051224,0.004213,0.01151353,0.0010,0.0,0.5297,2.3636,2.6769,1.1404,1.3430,1.2610,0.4333,0.2906,0.2760
43,9,-31.7753,0.3090,-0.5296,0.0185,-0.010332,0.005466,0.00930676,0.0010,0.0,0.5254,2.3327,2.6652,1.1477,1.3397,1.2681,0.4365,0.3177,0.2458
43,10,-31.7509,0.2606,-0.5292,0.0193,0.051330,0.002486,0.00893622,0.0010,0.0,0.5265,2.3034,2.6594,1.1484,1.3388,1.2744,0.4333,0.3031,0.2635
43,11,-31.7873,0.2965,-0.5298,0.0186,-0.031478,0.005629,0.00847902,0.0010,0.0,0.5218,2.2770,2.6544,1.1497,1.3355,1.2760,0.4490,0.2896,0.2615
43,12,-31.7096,0.2799,-0.5285,0.0200,0.034443,0.006397,0.00687636,0.0010,0.0,0.5220,2.2492,2.6470,1.1517,1.3317,1.2817,0.4604,0.3198,0.2198
43,13,-31.6787,0.3628,-0.5280,0.0204,0.037336,0.002112,0.00631434,0.0010,0.0,0.5239,2.2468,2.6521,1.1523,1.3353,1.2872,0.4865,0.2948,0.2188
43,14,-31.8168,0.2604,-0.5303,0.0189,-0.050730,0.007891,0.00710042,0.0010,0.0,0.5186,2.2224,2.6501,1.1546,1.3324,1.2847,0.4896,0.3073,0.2031
43,15,-31.7995,0.2094,-0.5300,0.0164,-0.012605,0.004314,0.00696601,0.0010,0.0,0.5204,2.2051,2.6525,1.1472,1.3297,1.2786,0.4771,0.2917,0.2313
43,16,-31.7864,0.3555,-0.5298,0.0186,0.104124,0.003761,0.00613241,0.0010,0.0,0.5183,2.1974,2.6520,1.1453,1.3315,1.2745,0.4833,0.2729,0.2437
43,17,-31.9282,0.3065,-0.5321,0.0180,-0.084459,0.003422,0.00522417,0.0010,0.0,0.5170,2.1837,2.6544,1.1371,1.3303,1.2649,0.4938,0.2760,0.2302
43,18,-31.8664,0.2858,-0.5311,0.0203,-0.041767,0.003703,0.00523684,0.0010,0.0,0.5169,2.1958,2.6604,1.1378,1.3317,1.2623,0.4854,0.2687,0.2458
43,19,-31.7980,0.3776,-0.5300,0.0192,-0.038664,0.003512,0.00513940,0.0010,0.0,0.5140,2.1984,2.6597,1.1319,1.3338,1.2598,0.5115,0.2344,0.2542
43,20,-31.7033,0.2614,-0.5284,0.0194,0.042369,0.005764,0.00544513,0.0010,0.0,0.5164,2.2030,2.6631,1.1286,1.3391,1.2536,0.4969,0.2687,0.2344
43,21,-31.7470,0.2554,-0.5291,0.0184,0.008747,0.003025,0.00556374,0.0010,0.0,0.5153,2.2106,2.6732,1.1299,1.3378,1.2467,0.4938,0.2302,0.2760
43,22,-31.7226,0.3271,-0.5287,0.0188,0.013574,0.007976,0.00694446,0.0010,0.0,0.5115,2.2161,2.6752,1.1255,1.3364,1.2399,0.4573,0.2917,0.2510
43,23,-31.7943,0.2452,-0.5299,0.0179,-0.063752,0.002232,0.00601633,0.0010,0.0,0.5071,2.2278,2.6854,1.1182,1.3413,1.2351,0.4750,0.2354,0.2896
43,24,-31.6828,0.2447,-0.5280,0.0181,0.038582,0.002030,0.00570497,0.0010,0.0,0.5076,2.2316,2.6945,1.1222,1.3430,1.2270,0.4552,0.2385,0.3063
43,25,-31.6896,0.2263,-0.5282,0.0169,-0.056639,0.009395,0.00722764,0.0010,0.0,0.5001,2.2523,2.7058,1.1194,1.3465,1.2196,0.4646,0.2292,0.3063
43,26,-31.7395,0.2570,-0.5290,0.0193,0.037809,0.004238,0.00541739,0.0010,0.0,0.4934,2.2630,2.7218,1.1163,1.3512,1.2103,0.4427,0.2313,0.3260
43,27,-31.7097,0.2422,-0.5285,0.0183,0.013043,0.004355,0.00407713,0.0010,0.0,0.4936,2.2839,2.7326,1.1191,1.3573,1.2051,0.4271,0.2292,0.3438
43,28,-31.6761,0.2737,-0.5279,0.0176,-0.059412,0.003024,0.00403577,0.0010,0.0,0.4935,2.2917,2.7336,1.1199,1.3586,1.2055,0.3833,0.2729,0.3438
43,29,-31.7889,0.2670,-0.5298,0.0173,-0.051849,0.007946,0.00329157,0.0010,0.0,0.4920,2.3000,2.7364,1.1222,1.3574,1.2014,0.3948,0.2469,0.3583
43,30,-31.7322,0.2921,-0.5289,0.0183,-0.043523,0.004824,0.00281562,0.0010,0.0,0.4875,2.2989,2.7342,1.1199,1.3606,1.2011,0.3917,0.2458,0.3625
43,31,-79.1945,20.4800,-2.1368,1.1420,-0.075391,0.004208,0.00383352,0.0010,0.0,0.4892,2.2954,2.7467,1.1115,1.3672,1.2017,0.3929,0.2580,0.3491
43,32,-78.5904,20.2786,-2.1241,1.1801,0.003422,0.003061,0.00366274,0.0010,0.0,0.4902,2.2973,2.7424,1.1142,1.3593,1.1996,0.4088,0.2399,0.3514
43,33,-69.0049,27.6404,-1.5463,1.1788,0.024230,0.009447,0.00369103,0.0010,0.0,0.4969,2.2945,2.7364,1.1145,1.3587,1.1984,0.4412,0.2199,0.3389
43,34,-77.3981,22.1097,-1.9814,1.1584,-0.037441,0.013057,0.00608341,0.0010,0.0,0.4876,2.2960,2.7451,1.1120,1.3583,1.1947,0.4304,0.2128,0.3568
43,35,-70.9781,23.6706,-1.7391,1.1485,-0.070958,0.005422,0.00484764,0.0010,0.0,0.4889,2.3158,2.7546,1.1163,1.3636,1.1947,0.4135,0.2236,0.3629
43,36,-84.6251,13.5757,-2.3507,0.9986,0.052831,0.011929,0.00335969,0.0010,0.0,0.4815,2.3250,2.7670,1.1167,1.3678,1.1895,0.4253,0.2014,0.3733
43,37,-87.0700,6.4291,-2.4061,0.9343,0.097182,0.008902,0.00372644,0.0010,0.0,0.4798,2.3254,2.7628,1.1201,1.3690,1.1868,0.3800,0.2211,0.3990
43,38,-82.4563,16.6895,-2.2865,1.0770,0.138418,0.002233,0.00352289,0.0010,0.0,0.4867,2.3270,2.7619,1.1177,1.3660,1.1847,0.3951,0.2062,0.3986
43,39,-83.7033,15.8589,-2.2471,1.0836,0.062729,0.014047,0.00457340,0.0010,0.0,0.4808,2.3331,2.7597,1.1176,1.3655,1.1865,0.3725,0.2399,0.3876
43,40,-61.7700,25.9140,-1.3842,1.1446,0.020154,0.004748,0.00438278,0.0010,0.0,0.4770,2.3462,2.7600,1.1235,1.3661,1.1838,0.3571,0.2535,0.3894
43,41,-42.1644,21.8195,-0.7658,0.7178,0.051608,0.007251,0.00342446,0.0010,0.0,0.4770,2.3617,2.7596,1.1264,1.3662,1.1824,0.3802,0.2270,0.3927
43,42,-42.6338,22.6116,-0.7725,0.7284,-0.097963,0.005803,0.00340793,0.0010,0.0,0.4722,2.3709,2.7585,1.1296,1.3681,1.1759,0.3590,0.2333,0.4077
43,43,-39.9844,19.2798,-0.7053,0.5993,0.025936,0.008405,0.00303068,0.0010,0.0,0.4708,2.3776,2.7605,1.1342,1.3754,1.1754,0.3638,0.2415,0.3947
43,44,-42.2775,21.7298,-0.7687,0.7168,-0.053961,0.006140,0.00294457,0.0010,0.0,0.4738,2.3767,2.7549,1.1353,1.3699,1.1795,0.3625,0.2375,0.4000
43,45,-39.7212,19.4401,-0.6969,0.5932,0.016398,0.001655,0.00254050,0.0010,0.0,0.4737,2.3814,2.7593,1.1343,1.3694,1.1834,0.3509,0.2522,0.3969
43,46,-42.4566,21.8953,-0.7702,0.7169,-0.103931,0.008523,0.00406166,0.0010,0.0,0.4737,2.3746,2.7537,1.1333,1.3672,1.1778,0.3594,0.2494,0.3912
43,47,-38.7092,18.3310,-0.6806,0.5735,-0.025594,0.006210,0.00460311,0.0010,0.0,0.4755,2.3701,2.7543,1.1284,1.3660,1.1819,0.3505,0.2352,0.4143
43,48,-33.4589,3.5692,-0.5576,0.0654,0.044104,0.007712,0.00535167,0.0010,0.0,0.4785,2.3643,2.7454,1.1229,1.3611,1.1779,0.4021,0.2146,0.3833
43,49,-42.5914,22.4660,-0.7726,0.7262,0.025658,0.003423,0.00416785,0.0010,0.0,0.4796,2.3501,2.7498,1.1158,1.3598,1.1818,0.3787,0.2143,0.4070
43,50,-41.9929,21.1624,-0.7583,0.6991,-0.026346,0.001676,0.00390612,0.0010,0.0,0.4808,2.3468,2.7355,1.1118,1.3530,1.1804,0.3883,0.2133,0.3984
