task_id,n_adapt,success,rmse,energy,recovery_time,adaptation_steps
ood_test_task_001,0,0.0,1.8000,1007.49,6.0000,0
ood_test_task_001,1,0.0,1.8000,1107.28,6.0000,1
ood_test_task_001,5,0.0,1.8000,1508.69,6.0000,5
ood_test_task_001,10,0.0,1.8000,2013.78,6.0000,10
ood_test_task_001,20,0.0,1.8000,3022.93,6.0000,20
ood_test_task_002,0,0.0,1.8000,1006.65,6.0000,0
ood_test_task_002,1,0.0,1.8000,1107.35,6.0000,1
ood_test_task_002,5,0.0,1.8000,1510.14,6.0000,5
ood_test_task_002,10,0.0,1.8000,2013.64,6.0000,10
ood_test_task_002,20,0.0,1.8000,3027.46,6.0000,20
ood_test_task_003,0,0.0,1.8000,1006.65,6.0000,0
ood_test_task_003,1,0.0,1.8000,1107.35,6.0000,1
ood_test_task_003,5,0.0,1.8000,1510.14,6.0000,5
ood_test_task_003,10,0.0,1.8000,2013.64,6.0000,10
ood_test_task_003,20,0.0,1.8000,3020.71,6.0000,20
ood_test_task_004,0,0.0,1.8000,991.35,6.0000,0
ood_test_task_004,1,0.0,1.8000,660.03,6.0000,1
ood_test_task_004,5,0.0,1.8000,805.17,6.0000,5
ood_test_task_004,10,0.0,1.8000,1175.79,6.0000,10
ood_test_task_004,20,0.0,1.8000,1544.28,6.0000,20
ood_test_task_005,0,0.0,1.8000,636.05,6.0000,0
ood_test_task_005,1,0.0,1.8000,1120.51,6.0000,1
ood_test_task_005,5,0.0,1.8000,1515.15,6.0000,5
ood_test_task_005,10,0.0,1.8000,1215.10,6.0000,10
ood_test_task_005,20,0.0,1.8000,1804.97,6.0000,20
