task_id,loe_percentage,success,rmse,return,energy,recovery_time
ood_test_task_001,0.00,0.0,1.6226,-31.8996,6040.59,6.0000
ood_test_task_001,0.10,0.0,2.0411,-88.0383,1800.27,6.0000
ood_test_task_001,0.20,0.0,2.3879,-93.5374,2049.71,6.0000
ood_test_task_001,0.30,0.0,1.8723,-87.5405,1663.74,6.0000
ood_test_task_001,0.40,0.0,2.1327,-85.8941,1867.69,6.0000
ood_test_task_001,0.50,0.0,1.5745,-33.9232,6005.79,6.0000
ood_test_task_001,0.60,0.0,2.1362,-91.7313,1910.73,6.0000
ood_test_task_001,0.70,0.0,2.1293,-91.1952,1813.59,6.0000
ood_test_task_002,0.00,0.0,1.5960,-32.1152,6045.17,6.0000
ood_test_task_002,0.10,0.0,1.7457,-44.2757,5994.75,6.0000
ood_test_task_002,0.20,0.0,1.6447,-90.2505,1712.46,6.0000
ood_test_task_002,0.30,0.0,2.0028,-39.5362,6223.92,6.0000
ood_test_task_002,0.40,0.0,2.2035,-89.8901,1865.87,6.0000
ood_test_task_002,0.50,0.0,2.2966,-73.2100,3958.06,6.0000
ood_test_task_002,0.60,0.0,1.8957,-32.1385,6045.59,6.0000
ood_test_task_002,0.70,0.0,2.9700,-94.4679,2996.32,6.0000
ood_test_task_003,0.00,0.0,1.6668,-31.8353,6038.52,6.0000
ood_test_task_003,0.10,0.0,1.8227,-85.7052,1578.45,6.0000
ood_test_task_003,0.20,0.0,2.0643,-91.8809,1962.11,6.0000
ood_test_task_003,0.30,0.0,1.7171,-87.0143,1889.24,6.0000
ood_test_task_003,0.40,0.0,1.7624,-93.5632,1789.71,6.0000
ood_test_task_003,0.50,0.0,1.9696,-31.8115,6030.97,6.0000
ood_test_task_003,0.60,0.0,1.9260,-88.2183,1955.95,6.0000
ood_test_task_003,0.70,0.0,1.8304,-85.7517,1645.32,6.0000
ood_test_task_004,0.00,0.0,1.6715,-32.1666,6038.52,6.0000
ood_test_task_004,0.10,0.0,2.2782,-90.6112,1917.86,6.0000
ood_test_task_004,0.20,0.0,2.4525,-87.8117,1763.75,6.0000
ood_test_task_004,0.30,0.0,1.8342,-88.5742,2204.32,6.0000
ood_test_task_004,0.40,0.0,1.5697,-86.6732,2137.83,6.0000
ood_test_task_004,0.50,0.0,1.7025,-85.6480,1865.34,6.0000
ood_test_task_004,0.60,0.0,1.5709,-86.0509,1600.13,6.0000
ood_test_task_004,0.70,0.0,2.0018,-50.0427,3997.08,6.0000
ood_test_task_005,0.00,0.0,1.9998,-32.0252,6041.84,6.0000
ood_test_task_005,0.10,0.0,2.1105,-34.0542,2146.54,6.0000
ood_test_task_005,0.20,0.0,1.7419,-90.4132,1673.67,6.0000
ood_test_task_005,0.30,0.0,1.8047,-90.3046,1822.76,6.0000
ood_test_task_005,0.40,0.0,1.8095,-34.7138,5792.73,6.0000
ood_test_task_005,0.50,0.0,1.5945,-31.9871,5961.45,6.0000
ood_test_task_005,0.60,0.0,1.6608,-92.5425,3234.29,6.0000
ood_test_task_005,0.70,0.0,2.2283,-91.2834,1896.24,6.0000
