ablation,task_id,success,rmse,energy,return
A0,ood_test_task_001,0.0,1.8069,6042.05,-32.1985
A0,ood_test_task_002,0.0,1.9093,6045.29,-31.9763
A0,ood_test_task_003,0.0,1.7342,6038.58,-31.9983
A0,ood_test_task_004,0.0,1.8429,1966.30,-87.8156
A0,ood_test_task_005,0.0,2.0073,1693.29,-87.9385
A1,ood_test_task_001,0.0,1.8680,6041.57,-31.5934
A1,ood_test_task_002,0.0,1.8390,6045.20,-31.7172
A1,ood_test_task_003,0.0,1.5727,6038.58,-32.2889
A1,ood_test_task_004,0.0,1.8747,5877.23,-31.0790
A1,ood_test_task_005,0.0,1.6002,1748.38,-86.3744
A2,ood_test_task_001,0.0,1.5903,6042.57,-32.1055
A2,ood_test_task_002,0.0,1.6796,6045.11,-31.7651
A2,ood_test_task_003,0.0,1.9153,6038.52,-31.6917
A2,ood_test_task_004,0.0,1.8124,1606.30,-88.1062
A2,ood_test_task_005,0.0,1.8624,1815.94,-87.9993
A3,ood_test_task_001,0.0,1.8894,6040.75,-31.9258
A3,ood_test_task_002,0.0,1.8011,6045.23,-32.0161
A3,ood_test_task_003,0.0,1.8133,6038.65,-31.5449
A3,ood_test_task_004,0.0,2.3651,2282.25,-41.6227
A3,ood_test_task_005,0.0,2.1606,2058.04,-88.7944
A4,ood_test_task_001,0.0,1.8069,6040.83,-31.6963
A4,ood_test_task_002,0.0,1.6528,6045.28,-31.8395
A4,ood_test_task_003,0.0,1.7541,6038.59,-31.4986
A4,ood_test_task_004,0.0,1.9917,1832.25,-88.3454
A4,ood_test_task_005,0.0,2.1021,1837.13,-87.7971
FULL,ood_test_task_001,0.0,1.8720,6038.15,-31.8874
FULL,ood_test_task_002,0.0,1.7019,6045.16,-32.3194
FULL,ood_test_task_003,0.0,1.7990,6038.51,-32.1334
FULL,ood_test_task_004,0.0,1.5891,6202.98,-40.9440
FULL,ood_test_task_005,0.0,3.3724,3629.80,-89.1346
